<?xml version="1.0"?>
<rss xmlns:dc="http://purl.org/dc/elements/1.1/" xmlns:media="http://search.yahoo.com/mrss/" xmlns:atom="http://www.w3.org/2005/Atom" xmlns:nyt="http://www.nytimes.com/namespaces/rss/2.0" version="2.0">
  <channel>
    <title>NYT &gt; Arts</title>
    <link>https://www.nytimes.com/section/arts?partner=rss&amp;emc=rss</link>
    <atom:link rel="self" type="application/rss+xml" href="http://www.nytimes.com/services/xml/rss/nyt/Arts.xml"/>
    <description/>
    <language>en-us</language>
    <copyright>Copyright 2018  The New York Times Company</copyright>
    <lastBuildDate>Fri, 13 Apr 2018 16:14:11 GMT </lastBuildDate>
    <image>
      <title>NYT &gt; Arts</title>
      <url>https://static01.nyt.com/images/misc/NYT_logo_rss_250x40.png</url>
      <link>https://www.nytimes.com/section/arts?partner=rss&amp;emc=rss</link>
    </image>
    <item>
      <title>A Collector Follows His Nose Through the Maze of Modern Art</title>
      <link>https://www.nytimes.com/2018/04/13/arts/design/sylvio-perlstein-hauser-and-wirth.html?partner=rss&amp;emc=rss</link>
      <guid isPermaLink="true">https://www.nytimes.com/2018/04/13/arts/design/sylvio-perlstein-hauser-and-wirth.html</guid>
      <atom:link rel="standout" href="https://www.nytimes.com/2018/04/13/arts/design/sylvio-perlstein-hauser-and-wirth.html?partner=rss&amp;emc=rss"/>
      <media:content url="https://static01.nyt.com/images/2018/04/15/arts/15collector1/08collector1-moth.jpg" medium="image" height="151" width="151"/>
      <media:description>The art collector Sylvio Perlstein at home in Paris. Works from his vast selection of modern art will be on view in New York this month. (The photographer shot through gels and glass to achieve the effects shown in the portraits.)</media:description>
      <media:credit>Paul Rousteau for The New York Times</media:credit>
      <description>Sylvio Perlstein&#x2019;s accumulations of avant-garde art from the past 50 years comes to Hauser &amp; Wirth this month.</description>
      <dc:creator>ARTHUR LUBOW</dc:creator>
      <pubDate>Fri, 13 Apr 2018 09:00:14 GMT</pubDate>
      <category domain="http://www.nytimes.com/namespaces/keywords/des">Art</category>
      <category domain="http://www.nytimes.com/namespaces/keywords/mdes">Collectors and Collections</category>
      <category domain="http://www.nytimes.com/namespaces/keywords/nyt_org_all">Hauser &amp; Wirth</category>
      <category domain="http://www.nytimes.com/namespaces/keywords/nyt_org_all">Pompidou Center</category>
      <category domain="http://www.nytimes.com/namespaces/keywords/nyt_per">Haring, Keith</category>
      <category domain="http://www.nytimes.com/namespaces/keywords/nyt_per">Hirst, Damien</category>
      <category domain="http://www.nytimes.com/namespaces/keywords/nyt_geo">Antwerp (Belgium)</category>
      <category domain="http://www.nytimes.com/namespaces/keywords/nyt_geo">Brazil</category>
      <category domain="http://www.nytimes.com/namespaces/keywords/nyt_geo">Upper East Side (Manhattan, NY)</category>
      <category domain="http://www.nytimes.com/namespaces/keywords/nyt_geo">Paris (France)</category>
      <category domain="http://www.nytimes.com/namespaces/keywords/nyt_per">Sylvio Perlstein</category>
      <category domain="http://www.nytimes.com/namespaces/keywords/nyt_per">Ray, Man</category>
      <category domain="http://www.nytimes.com/namespaces/keywords/nyt_per">Hannah Hoch</category>
    </item>
    <item>
      <title>Review: A &#x2018;Carousel&#x2019; That Spins on a Romantically Charged Axis</title>
      <link>https://www.nytimes.com/2018/04/12/theater/carousel-review-broadway.html?partner=rss&amp;emc=rss</link>
      <guid isPermaLink="true">https://www.nytimes.com/2018/04/12/theater/carousel-review-broadway.html</guid>
      <atom:link rel="standout" href="https://www.nytimes.com/2018/04/12/theater/carousel-review-broadway.html?partner=rss&amp;emc=rss"/>
      <media:content url="https://static01.nyt.com/images/2018/04/13/arts/13carousel4/merlin_136649742_10d81cdd-7a61-4d5e-9f8e-2f5e7f58d07e-moth.jpg" medium="image" height="151" width="151"/>
      <media:description>Jessie Mueller as Julie Jordan and Joshua Henry as Billy Bigelow in the revival of &#x201C;Carousel.&#x201D;</media:description>
      <media:credit>Sara Krulwich/The New York Times</media:credit>
      <description>Jack O&#x2019;Brien and Justin Peck&#x2019;s heartfelt, half-terrific revival of an American classic stars a wonderfully ambivalent Joshua Henry and Jessie Mueller.</description>
      <dc:creator>BEN BRANTLEY</dc:creator>
      <pubDate>Fri, 13 Apr 2018 01:45:05 GMT</pubDate>
      <category domain="http://www.nytimes.com/namespaces/keywords/des">Theater</category>
      <category domain="http://www.nytimes.com/namespaces/keywords/nyt_ttl">Carousel (Play)</category>
      <category domain="http://www.nytimes.com/namespaces/keywords/nyt_per">Fleming, Renee</category>
      <category domain="http://www.nytimes.com/namespaces/keywords/nyt_per">Henry, Joshua</category>
      <category domain="http://www.nytimes.com/namespaces/keywords/nyt_per">Mueller, Jessie</category>
      <category domain="http://www.nytimes.com/namespaces/keywords/nyt_per">O'Brien, Jack (1939- )</category>
      <category domain="http://www.nytimes.com/namespaces/keywords/nyt_per">Peck, Justin</category>
      <category domain="http://www.nytimes.com/namespaces/keywords/nyt_per">Ramasar, Amar (1981- )</category>
      <category domain="http://www.nytimes.com/namespaces/keywords/nyt_per">Thompson, John Douglas</category>
    </item>
    <item>
      <title>The Gladiators of &#x2018;Scandal&#x2019; Leave the Arena</title>
      <link>https://www.nytimes.com/2018/04/12/arts/television/scandal-finale-shonda-rhimes-kerry-washington.html?partner=rss&amp;emc=rss</link>
      <guid isPermaLink="true">https://www.nytimes.com/2018/04/12/arts/television/scandal-finale-shonda-rhimes-kerry-washington.html</guid>
      <atom:link href="https://www.nytimes.com/2018/04/12/arts/television/scandal-finale-shonda-rhimes-kerry-washington.html?partner=rss&amp;emc=rss" rel="standout"/>
      <media:content url="https://static01.nyt.com/images/2018/04/15/arts/15scandal1/15scandal1-moth.jpg" medium="image" height="151" width="151"/>
      <media:description>In Olivia Pope, as portrayed by Kerry Washington (left), Shonda Rhimes (right) created one of the most memorable antiheroes, let alone one of the more complex black characters, on television.</media:description>
      <media:credit>Ryan Pfluger for The New York Times</media:credit>
      <description>As &#x201C;Scandal&#x201D; heads toward its finale, Shonda Rhimes, the show&#x2019;s creator, and three of its stars discuss its craziest twists, its nuanced handling of racial issues and its legacy.</description>
      <dc:creator>SALAMISHAH TILLET</dc:creator>
      <pubDate>Fri, 13 Apr 2018 12:39:59 GMT</pubDate>
      <category domain="http://www.nytimes.com/namespaces/keywords/des">Blacks</category>
      <category domain="http://www.nytimes.com/namespaces/keywords/des">Race and Ethnicity</category>
      <category domain="http://www.nytimes.com/namespaces/keywords/des">Television</category>
      <category domain="http://www.nytimes.com/namespaces/keywords/des">Women and Girls</category>
      <category domain="http://www.nytimes.com/namespaces/keywords/nyt_org_all">ABC Inc</category>
      <category domain="http://www.nytimes.com/namespaces/keywords/nyt_per">Rhimes, Shonda</category>
      <category domain="http://www.nytimes.com/namespaces/keywords/nyt_per">Goldwyn, Tony</category>
      <category domain="http://www.nytimes.com/namespaces/keywords/nyt_per">Washington, Kerry</category>
      <category domain="http://www.nytimes.com/namespaces/keywords/nyt_ttl">Scandal (TV Program)</category>
      <category domain="http://www.nytimes.com/namespaces/keywords/nyt_per">Young, Bellamy</category>
    </item>
    <item>
      <title>How an Anxious-Adolescent Musical (No, Not That One) Found Its Fans</title>
      <link>https://www.nytimes.com/2018/04/13/theater/be-more-chill-iconis-salazar.html?partner=rss&amp;emc=rss</link>
      <guid isPermaLink="true">https://www.nytimes.com/2018/04/13/theater/be-more-chill-iconis-salazar.html</guid>
      <atom:link rel="standout" href="https://www.nytimes.com/2018/04/13/theater/be-more-chill-iconis-salazar.html?partner=rss&amp;emc=rss"/>
      <media:content url="https://static01.nyt.com/images/2018/04/12/arts/12CHILL2alt/12CHILL2alt-moth.jpg" medium="image" height="151" width="151"/>
      <media:description>Will Connolly (center) as a high school student who takes steps to turn cool in the Two Rivers Theater production of &#x201C;Be More Chill.&#x201D;</media:description>
      <media:credit>T. Charles Erickson</media:credit>
      <description>&#x201C;Be More Chill&#x201D; played a month at a New Jersey theater, and nothing much happened. Then the internet got very busy.</description>
      <dc:creator>ELISABETH VINCENTELLI</dc:creator>
      <pubDate>Fri, 13 Apr 2018 14:05:07 GMT</pubDate>
      <category domain="http://www.nytimes.com/namespaces/keywords/des">Theater</category>
      <category domain="http://www.nytimes.com/namespaces/keywords/nyt_ttl">Be More Chill (Play)</category>
      <category domain="http://www.nytimes.com/namespaces/keywords/nyt_org_all">Two River Theater Co</category>
      <category domain="http://www.nytimes.com/namespaces/keywords/nyt_org_all">Feinstein's/54 Below (Manhattan, NY, Music Venue)</category>
      <category domain="http://www.nytimes.com/namespaces/keywords/nyt_per">Iconis, Joe</category>
      <category domain="http://www.nytimes.com/namespaces/keywords/nyt_per">Salazar, George (1986- )</category>
      <category domain="http://www.nytimes.com/namespaces/keywords/nyt_per">Tracz,  Joe</category>
    </item>
    <item>
      <title>Janice Dickinson at Cosby Trial: &#x2018;Here Was America&#x2019;s Dad on Top of Me&#x2019;</title>
      <link>https://www.nytimes.com/2018/04/12/arts/television/bill-cosby-sexual-assault-trial.html?partner=rss&amp;emc=rss</link>
      <guid isPermaLink="true">https://www.nytimes.com/2018/04/12/arts/television/bill-cosby-sexual-assault-trial.html</guid>
      <atom:link href="https://www.nytimes.com/2018/04/12/arts/television/bill-cosby-sexual-assault-trial.html?partner=rss&amp;emc=rss" rel="standout"/>
      <media:content url="https://static01.nyt.com/images/2018/04/13/arts/13cosby-image3/13cosby-image3-moth.jpg" medium="image" height="151" width="151"/>
      <media:description>The former model Janice Dickinson, 63, testified at Bill Cosby&#x2019;s sexual assault retrial, telling the jury that the entertainer had drugged and raped her in 1982.</media:description>
      <media:credit>Mark Makela/Getty Images North America</media:credit>
      <description>The former model says Bill Cosby drugged her then assaulted her in a hotel room in Lake Tahoe, but his defense team suggests she is making it up.</description>
      <dc:creator>GRAHAM BOWLEY and JON HURDLE</dc:creator>
      <pubDate>Thu, 12 Apr 2018 23:01:54 GMT</pubDate>
      <category domain="http://www.nytimes.com/namespaces/keywords/des">Sex Crimes</category>
      <category domain="http://www.nytimes.com/namespaces/keywords/nyt_per">Cosby, Bill</category>
      <category domain="http://www.nytimes.com/namespaces/keywords/des">Women and Girls</category>
      <category domain="http://www.nytimes.com/namespaces/keywords/des">Assaults</category>
      <category domain="http://www.nytimes.com/namespaces/keywords/mdes">Suits and Litigation (Civil)</category>
      <category domain="http://www.nytimes.com/namespaces/keywords/nyt_org_all">Temple University</category>
      <category domain="http://www.nytimes.com/namespaces/keywords/nyt_per">Allred, Gloria</category>
      <category domain="http://www.nytimes.com/namespaces/keywords/nyt_per">Constand, Andrea</category>
      <category domain="http://www.nytimes.com/namespaces/keywords/nyt_per">Dickinson, Janice</category>
      <category domain="http://www.nytimes.com/namespaces/keywords/nyt_per">Mesereau, Thomas A Jr</category>
      <category domain="http://www.nytimes.com/namespaces/keywords/nyt_geo">Lake Tahoe (Nev)</category>
      <category domain="http://www.nytimes.com/namespaces/keywords/nyt_geo">Norristown (Pa)</category>
    </item>
    <item>
      <title>Review: In &#x2018;Zama,&#x2019; Trying to Say Goodbye (Cruel) New World</title>
      <link>https://www.nytimes.com/2018/04/12/movies/review-zama-lucrecia-martel.html?partner=rss&amp;emc=rss</link>
      <guid isPermaLink="true">https://www.nytimes.com/2018/04/12/movies/review-zama-lucrecia-martel.html</guid>
      <atom:link href="https://www.nytimes.com/2018/04/12/movies/review-zama-lucrecia-martel.html?partner=rss&amp;emc=rss" rel="standout"/>
      <media:content url="https://static01.nyt.com/images/2018/04/13/arts/13zama-1/13zama-1-moth.jpg" medium="image" height="151" width="151"/>
      <media:description>On the edge of the world: Daniel Gim&#xE9;nez Cacho as Don Diego de Zama in Lucrecia Martel&#x2019;s &#x201C;Zama.&#x201D;</media:description>
      <media:credit>Strand Releasing</media:credit>
      <description>In Lucrecia Martel&#x2019;s &#x201C;Zama,&#x201D; an 18th-century magistrate in the Americas desperately tries to leave a cruel, cruelly comic world he has helped make.</description>
      <dc:creator>MANOHLA DARGIS</dc:creator>
      <pubDate>Thu, 12 Apr 2018 19:35:10 GMT</pubDate>
      <category domain="http://www.nytimes.com/namespaces/keywords/des">Movies</category>
      <category domain="http://www.nytimes.com/namespaces/keywords/nyt_ttl">Zama (Movie)</category>
      <category domain="http://www.nytimes.com/namespaces/keywords/nyt_per">Duenas, Lola (1971- )</category>
      <category domain="http://www.nytimes.com/namespaces/keywords/nyt_per">Martel, Lucrecia</category>
      <category domain="http://www.nytimes.com/namespaces/keywords/nyt_per">Gimenez Cacho, Daniel</category>
    </item>
  </channel>
</rss>
