<?xml version="1.0"?>
<rss xmlns:dc="http://purl.org/dc/elements/1.1/" xmlns:media="http://search.yahoo.com/mrss/" xmlns:atom="http://www.w3.org/2005/Atom" xmlns:nyt="http://www.nytimes.com/namespaces/rss/2.0" version="2.0">
  <channel>
    <title>NYT &gt; Fashion &amp; Style</title>
    <link>https://www.nytimes.com/section/fashion?partner=rss&amp;emc=rss</link>
    <atom:link rel="self" type="application/rss+xml" href="http://www.nytimes.com/services/xml/rss/nyt/FashionandStyle.xml"/>
    <description/>
    <language>en-us</language>
    <copyright>Copyright 2018  The New York Times Company</copyright>
    <lastBuildDate>Fri, 13 Apr 2018 16:01:12 GMT </lastBuildDate>
    <image>
      <title>NYT &gt; Fashion &amp; Style</title>
      <url>https://static01.nyt.com/images/misc/NYT_logo_rss_250x40.png</url>
      <link>https://www.nytimes.com/section/fashion?partner=rss&amp;emc=rss</link>
    </image>
    <item>
      <title>Is Stan Lee Being Held Prisoner by Real-Life Villains?</title>
      <link>https://www.nytimes.com/2018/04/13/style/stan-lee-marvel-comics-elder-abuse.html?partner=rss&amp;emc=rss</link>
      <guid isPermaLink="true">https://www.nytimes.com/2018/04/13/style/stan-lee-marvel-comics-elder-abuse.html</guid>
      <atom:link href="https://www.nytimes.com/2018/04/13/style/stan-lee-marvel-comics-elder-abuse.html?partner=rss&amp;emc=rss" rel="standout"/>
      <media:content url="https://static01.nyt.com/images/2018/04/22/fashion/22STANLEE1/22STANLEE1-moth.jpg" medium="image" height="151" width="151"/>
      <media:description/>
      <media:credit>Ryan Pfluger for The New York Times</media:credit>
      <description>The Hollywood Reporter published an investigation saying that Mr. Lee, 95, was the victim of elder abuse. We visited the Marvel Comics creator at his home. &#x201C;Nobody has more freedom,&#x201D; he said.</description>
      <dc:creator>BEN WIDDICOMBE</dc:creator>
      <pubDate>Fri, 13 Apr 2018 15:22:08 GMT</pubDate>
      <category domain="http://www.nytimes.com/namespaces/keywords/nyt_per">Lee, Stan</category>
      <category domain="http://www.nytimes.com/namespaces/keywords/nyt_org_all">Marvel Comics</category>
      <category domain="http://www.nytimes.com/namespaces/keywords/des">Comic Books and Strips</category>
      <category domain="http://www.nytimes.com/namespaces/keywords/mdes">Elder Abuse</category>
    </item>
    <item>
      <title>Modern Love: When Love Seems Too Easy to Trust</title>
      <link>https://www.nytimes.com/2018/04/13/style/when-love-seems-too-easy-to-trust.html?partner=rss&amp;emc=rss</link>
      <guid isPermaLink="true">https://www.nytimes.com/2018/04/13/style/when-love-seems-too-easy-to-trust.html</guid>
      <atom:link rel="standout" href="https://www.nytimes.com/2018/04/13/style/when-love-seems-too-easy-to-trust.html?partner=rss&amp;emc=rss"/>
      <media:content url="https://static01.nyt.com/images/2018/04/15/fashion/15MODERNLOVE/merlin_136750311_2b149969-c1c0-4847-ab36-ebf033e2e7df-moth.jpg" medium="image" height="151" width="151"/>
      <media:description/>
      <media:credit>Brian Rea</media:credit>
      <description>A young woman thought true love would have all the anxiety and insecurity of a romantic comedy. When it didn&#x2019;t, that was even more worrisome.</description>
      <dc:creator>ALI ELKIN</dc:creator>
      <pubDate>Fri, 13 Apr 2018 14:30:05 GMT</pubDate>
      <category domain="http://www.nytimes.com/namespaces/keywords/des">Love (Emotion)</category>
      <category domain="http://www.nytimes.com/namespaces/keywords/des">Dating and Relationships</category>
      <category domain="http://www.nytimes.com/namespaces/keywords/des">Movies</category>
      <category domain="http://www.nytimes.com/namespaces/keywords/nyt_geo">New York City</category>
      <category domain="http://www.nytimes.com/namespaces/keywords/nyt_ttl">When Harry Met Sally (Movie)</category>
    </item>
    <item>
      <title>love is ...: The Museum of &#x2018;Please Find Me&#x2019;</title>
      <link>https://www.nytimes.com/2018/04/12/style/kennedy-airport-lost-and-found.html?partner=rss&amp;emc=rss</link>
      <guid isPermaLink="true">https://www.nytimes.com/2018/04/12/style/kennedy-airport-lost-and-found.html</guid>
      <atom:link rel="standout" href="https://www.nytimes.com/2018/04/12/style/kennedy-airport-lost-and-found.html?partner=rss&amp;emc=rss"/>
      <media:content url="https://static01.nyt.com/images/2018/04/11/fashion/11LOVEIS-LOSTFOUND/11LOVEIS-LOSTFOUND-moth.jpg" medium="image" height="151" width="151"/>
      <media:description/>
      <media:credit>Aist&#x117; Stancikait&#x117;</media:credit>
      <description>The Lost &amp; Found at Kennedy Airport is the last, best hope for travelers missing their iPads, meaningful snapshots and many, many wedding rings.</description>
      <dc:creator>MAUD CASEY</dc:creator>
      <pubDate>Thu, 12 Apr 2018 21:54:15 GMT</pubDate>
      <category domain="http://www.nytimes.com/namespaces/keywords/nyt_keyword">Love Is</category>
      <category domain="http://www.nytimes.com/namespaces/keywords/mdes">Lost and Found Property</category>
      <category domain="http://www.nytimes.com/namespaces/keywords/nyt_org_all">Kennedy International Airport (Queens, NY)</category>
    </item>
    <item>
      <title>The Dress Doctor Is In</title>
      <link>https://www.nytimes.com/2018/04/12/fashion/fashion-psychologist.html?partner=rss&amp;emc=rss</link>
      <guid isPermaLink="true">https://www.nytimes.com/2018/04/12/fashion/fashion-psychologist.html</guid>
      <atom:link rel="standout" href="https://www.nytimes.com/2018/04/12/fashion/fashion-psychologist.html?partner=rss&amp;emc=rss"/>
      <media:content url="https://static01.nyt.com/images/2018/04/12/fashion/05PSYCH/05PSYCH-moth.jpg" medium="image" height="151" width="151"/>
      <media:description/>
      <media:credit>Cecilia Carlstedt</media:credit>
      <description>Dawnn Karen of the Fashion Institute of Technology is a leader in the growing field of fashion psychology &#x2014; or why we want what we think we want.</description>
      <dc:creator>JENNIFER MILLER</dc:creator>
      <pubDate>Thu, 12 Apr 2018 04:00:01 GMT</pubDate>
      <category domain="http://www.nytimes.com/namespaces/keywords/nyt_per">Karen, Dawnn</category>
      <category domain="http://www.nytimes.com/namespaces/keywords/des">Fashion and Apparel</category>
      <category domain="http://www.nytimes.com/namespaces/keywords/des">Psychology and Psychologists</category>
      <category domain="http://www.nytimes.com/namespaces/keywords/nyt_org_all">Fashion Institute of Technology</category>
    </item>
    <item>
      <title>News Analysis: &#x2018;Our Bodies, Ourselves&#x2019;? It&#x2019;s Shelved</title>
      <link>https://www.nytimes.com/2018/04/12/style/our-bodies-ourselves-book-publishing.html?partner=rss&amp;emc=rss</link>
      <guid isPermaLink="true">https://www.nytimes.com/2018/04/12/style/our-bodies-ourselves-book-publishing.html</guid>
      <atom:link rel="standout" href="https://www.nytimes.com/2018/04/12/style/our-bodies-ourselves-book-publishing.html?partner=rss&amp;emc=rss"/>
      <media:content url="https://static01.nyt.com/images/2018/04/12/fashion/12OURBODIES-1/12OURBODIES-1-moth-v2.jpg" medium="image" height="151" width="151"/>
      <media:description>An early cover of the women&#x2019;s health book &#x201C;Our Bodies, Ourselves,&#x201D; published by the Boston Women&#x2019;s Health Book Collective.</media:description>
      <media:credit>Our Bodies Ourselves</media:credit>
      <description>This book changed lives for decades. How will we know our bodies are normal now?</description>
      <dc:creator>JESSICA VALENTI</dc:creator>
      <pubDate>Thu, 12 Apr 2018 16:04:43 GMT</pubDate>
      <category domain="http://www.nytimes.com/namespaces/keywords/nyt_ttl">Our Bodies, Ourselves (Book)</category>
      <category domain="http://www.nytimes.com/namespaces/keywords/des">Women's Rights</category>
      <category domain="http://www.nytimes.com/namespaces/keywords/mdes">Nonprofit Organizations</category>
    </item>
    <item>
      <title>Social Q&#x2019;s: R.I.P. My Whole Family</title>
      <link>https://www.nytimes.com/2018/04/12/style/family-death-lies-grief.html?partner=rss&amp;emc=rss</link>
      <guid isPermaLink="true">https://www.nytimes.com/2018/04/12/style/family-death-lies-grief.html</guid>
      <atom:link rel="standout" href="https://www.nytimes.com/2018/04/12/style/family-death-lies-grief.html?partner=rss&amp;emc=rss"/>
      <media:content url="https://static01.nyt.com/images/2011/07/28/fashion/social_inline/social_inline-moth-v2.jpg" medium="image" height="151" width="151"/>
      <media:description/>
      <media:credit>Christoph Niemann</media:credit>
      <description>Burying grief and anger by denying your family&#x2019;s existence isn&#x2019;t a long-term solution, our columnist writes.</description>
      <dc:creator>PHILIP GALANES</dc:creator>
      <pubDate>Thu, 12 Apr 2018 15:28:37 GMT</pubDate>
      <category domain="http://www.nytimes.com/namespaces/keywords/des">Customs, Etiquette and Manners</category>
    </item>
  </channel>
</rss>
