<?xml version="1.0"?>
<rss xmlns:dc="http://purl.org/dc/elements/1.1/" xmlns:media="http://search.yahoo.com/mrss/" xmlns:atom="http://www.w3.org/2005/Atom" xmlns:nyt="http://www.nytimes.com/namespaces/rss/2.0" version="2.0">
  <channel>
    <title>NYT &gt; Health</title>
    <link>https://www.nytimes.com/section/health?partner=rss&amp;emc=rss</link>
    <atom:link rel="self" type="application/rss+xml" href="http://www.nytimes.com/services/xml/rss/nyt/Health.xml"/>
    <description/>
    <language>en-us</language>
    <copyright>Copyright 2018  The New York Times Company</copyright>
    <lastBuildDate>Fri, 13 Apr 2018 16:12:43 GMT </lastBuildDate>
    <image>
      <title>NYT &gt; Health</title>
      <url>https://static01.nyt.com/images/misc/NYT_logo_rss_250x40.png</url>
      <link>https://www.nytimes.com/section/health?partner=rss&amp;emc=rss</link>
    </image>
    <item>
      <title>The Disappearing Doctor: How Mega-Mergers Are Changing the Business of Medical Care</title>
      <link>https://www.nytimes.com/2018/04/07/health/health-care-mergers-doctors.html?partner=rss&amp;emc=rss</link>
      <guid isPermaLink="true">https://www.nytimes.com/2018/04/07/health/health-care-mergers-doctors.html</guid>
      <atom:link href="https://www.nytimes.com/2018/04/07/health/health-care-mergers-doctors.html?partner=rss&amp;emc=rss" rel="standout"/>
      <media:content url="https://static01.nyt.com/images/2018/04/02/science/00DOCTORS5/00DOCTORS5-moth.jpg" medium="image" height="151" width="151"/>
      <media:description>Dr. Navya Mysore was frustrated while working for a large New York health system, so she moved to One Medical, a venture-backed practice, where she gets to spend more time with her patients.</media:description>
      <media:credit>Karsten Moran for The New York Times</media:credit>
      <description>Big corporations &#x2014; giant retailers and health insurance companies &#x2014; are teaming up to become your doctor.</description>
      <dc:creator>REED ABELSON and JULIE CRESWELL</dc:creator>
      <pubDate>Sat, 07 Apr 2018 11:00:04 GMT</pubDate>
      <category domain="http://www.nytimes.com/namespaces/keywords/des">Doctors</category>
      <category domain="http://www.nytimes.com/namespaces/keywords/mdes">Mergers, Acquisitions and Divestitures</category>
      <category domain="http://www.nytimes.com/namespaces/keywords/des">Health Insurance and Managed Care</category>
      <category domain="http://www.nytimes.com/namespaces/keywords/nyt_org_all">CVS Caremark Corporation</category>
      <category domain="http://www.nytimes.com/namespaces/keywords/nyt_org_all">UnitedHealth Group Inc</category>
      <category domain="http://www.nytimes.com/namespaces/keywords/nyt_org_all">Walmart Stores Inc</category>
      <category domain="http://www.nytimes.com/namespaces/keywords/nyt_org_all">Aetna Inc</category>
      <category domain="http://www.nytimes.com/namespaces/keywords/nyt_org_all">Humana Inc</category>
    </item>
    <item>
      <title>Ask Well: How Can Oats, Which Don&#x2019;t Contain Gluten, Be Labeled &#x2018;Gluten Free&#x2019;?</title>
      <link>https://www.nytimes.com/2018/04/13/well/eat/how-can-oats-which-dont-contain-gluten-be-labeled-gluten-free.html?partner=rss&amp;emc=rss</link>
      <guid isPermaLink="true">https://www.nytimes.com/2018/04/13/well/eat/how-can-oats-which-dont-contain-gluten-be-labeled-gluten-free.html</guid>
      <atom:link href="https://www.nytimes.com/2018/04/13/well/eat/how-can-oats-which-dont-contain-gluten-be-labeled-gluten-free.html?partner=rss&amp;emc=rss" rel="standout"/>
      <media:content url="https://static01.nyt.com/images/2018/04/17/well/ask-oats/ask-oats-moth.jpg" medium="image" height="151" width="151"/>
      <media:description/>
      <media:credit>iStock</media:credit>
      <description>Oats, water, even sneakers may be advertised as &#x201C;gluten-free.&#x201D;</description>
      <dc:creator>SOPHIE EGAN</dc:creator>
      <pubDate>Fri, 13 Apr 2018 10:02:04 GMT</pubDate>
      <category domain="http://www.nytimes.com/namespaces/keywords/des">Gluten</category>
      <category domain="http://www.nytimes.com/namespaces/keywords/des">Celiac Disease</category>
      <category domain="http://www.nytimes.com/namespaces/keywords/des">Labeling and Labels (Product)</category>
      <category domain="http://www.nytimes.com/namespaces/keywords/des">Grain</category>
      <category domain="http://www.nytimes.com/namespaces/keywords/mdes">Regulation and Deregulation of Industry</category>
      <category domain="http://www.nytimes.com/namespaces/keywords/mdes">Diet and Nutrition</category>
    </item>
    <item>
      <title>A Better Body in a Pill? Experts Urge Caution on SARMs</title>
      <link>https://www.nytimes.com/2018/04/12/well/move/sarms-muscle-body-building-weight-lifting-pill-supplements-safety.html?partner=rss&amp;emc=rss</link>
      <guid isPermaLink="true">https://www.nytimes.com/2018/04/12/well/move/sarms-muscle-body-building-weight-lifting-pill-supplements-safety.html</guid>
      <atom:link href="https://www.nytimes.com/2018/04/12/well/move/sarms-muscle-body-building-weight-lifting-pill-supplements-safety.html?partner=rss&amp;emc=rss" rel="standout"/>
      <media:content url="https://static01.nyt.com/images/2018/04/17/well/pill-body/pill-body-moth.jpg" medium="image" height="151" width="151"/>
      <media:description/>
      <media:credit>iStock</media:credit>
      <description>Bodybuilders are turning to a popular new pill to get bigger and stronger, but the chemicals are still undergoing testing and could cause serious harm.</description>
      <dc:creator>ANAHAD O&#x2019;CONNOR</dc:creator>
      <pubDate>Thu, 12 Apr 2018 10:02:06 GMT</pubDate>
      <category domain="http://www.nytimes.com/namespaces/keywords/des">Doping (Sports)</category>
      <category domain="http://www.nytimes.com/namespaces/keywords/des">Steroids</category>
      <category domain="http://www.nytimes.com/namespaces/keywords/des">Testosterone</category>
      <category domain="http://www.nytimes.com/namespaces/keywords/des">Drug Abuse and Traffic</category>
      <category domain="http://www.nytimes.com/namespaces/keywords/mdes">Drugs (Pharmaceuticals)</category>
      <category domain="http://www.nytimes.com/namespaces/keywords/mdes">Muscles</category>
      <category domain="http://www.nytimes.com/namespaces/keywords/mdes">Prostate Gland</category>
      <category domain="http://www.nytimes.com/namespaces/keywords/mdes">Heart</category>
      <category domain="http://www.nytimes.com/namespaces/keywords/mdes">Cholesterol</category>
      <category domain="http://www.nytimes.com/namespaces/keywords/mdes">Liver</category>
    </item>
    <item>
      <title>Phys Ed: Why Exercise Alone May Not Be the Key to Weight Loss</title>
      <link>https://www.nytimes.com/2018/04/11/well/move/why-exercise-alone-may-not-be-the-key-to-weight-loss.html?partner=rss&amp;emc=rss</link>
      <guid isPermaLink="true">https://www.nytimes.com/2018/04/11/well/move/why-exercise-alone-may-not-be-the-key-to-weight-loss.html</guid>
      <atom:link href="https://www.nytimes.com/2018/04/11/well/move/why-exercise-alone-may-not-be-the-key-to-weight-loss.html?partner=rss&amp;emc=rss" rel="standout"/>
      <media:content url="https://static01.nyt.com/images/2018/04/17/well/physed-weight/physed-weight-moth.jpg" medium="image" height="151" width="151"/>
      <media:description/>
      <media:credit>iStock</media:credit>
      <description>Mice given free access to running wheels moved less after exercising, which may have implications for diets and weight loss in people.</description>
      <dc:creator>GRETCHEN REYNOLDS</dc:creator>
      <pubDate>Wed, 11 Apr 2018 16:29:16 GMT</pubDate>
      <category domain="http://www.nytimes.com/namespaces/keywords/des">Exercise</category>
      <category domain="http://www.nytimes.com/namespaces/keywords/des">Animals</category>
      <category domain="http://www.nytimes.com/namespaces/keywords/des">Mice</category>
      <category domain="http://www.nytimes.com/namespaces/keywords/des">Conservation of Resources</category>
      <category domain="http://www.nytimes.com/namespaces/keywords/mdes">Energy Efficiency</category>
      <category domain="http://www.nytimes.com/namespaces/keywords/mdes">Weight</category>
      <category domain="http://www.nytimes.com/namespaces/keywords/mdes">Calories</category>
      <category domain="http://www.nytimes.com/namespaces/keywords/mdes">Obesity</category>
    </item>
    <item>
      <title>Many People Taking Antidepressants Discover They Cannot Quit</title>
      <link>https://www.nytimes.com/2018/04/07/health/antidepressants-withdrawal-prozac-cymbalta.html?partner=rss&amp;emc=rss</link>
      <guid isPermaLink="true">https://www.nytimes.com/2018/04/07/health/antidepressants-withdrawal-prozac-cymbalta.html</guid>
      <atom:link rel="standout" href="https://www.nytimes.com/2018/04/07/health/antidepressants-withdrawal-prozac-cymbalta.html?partner=rss&amp;emc=rss"/>
      <media:content url="https://static01.nyt.com/images/2018/04/08/science/08WITHDRAWAL-p1/00WITHDRAWAL4-moth.jpg" medium="image" height="151" width="151"/>
      <media:description>Victoria Toline needed nine months to taper off Zoloft. &#x201C;I had to drop out of school,&#x201D; she said. &#x201C;My life&#x2019;s been on hold.&#x201D;</media:description>
      <media:credit>Ruth Fremson/The New York Times</media:credit>
      <description>Long-term use of the medications is surging in the United States, according to an analysis by The Times. One reason: withdrawal symptoms that make it difficult to stop.</description>
      <dc:creator>BENEDICT CAREY and ROBERT GEBELOFF</dc:creator>
      <pubDate>Sat, 07 Apr 2018 21:30:35 GMT</pubDate>
      <category domain="http://www.nytimes.com/namespaces/keywords/des">Depression (Mental)</category>
      <category domain="http://www.nytimes.com/namespaces/keywords/des">Drugs (Pharmaceuticals)</category>
      <category domain="http://www.nytimes.com/namespaces/keywords/des">Antidepressants</category>
      <category domain="http://www.nytimes.com/namespaces/keywords/mdes">Psychiatry and Psychiatrists</category>
      <category domain="http://www.nytimes.com/namespaces/keywords/mdes">Addiction (Psychology)</category>
      <category domain="http://www.nytimes.com/namespaces/keywords/mdes">Prozac (Drug)</category>
      <category domain="http://www.nytimes.com/namespaces/keywords/mdes">Cymbalta (Drug)</category>
      <category domain="http://www.nytimes.com/namespaces/keywords/mdes">Paxil (Drug)</category>
      <category domain="http://www.nytimes.com/namespaces/keywords/mdes">Zoloft (Drug)</category>
      <category domain="http://www.nytimes.com/namespaces/keywords/nyt_org_all">Eli Lilly and Company</category>
      <category domain="http://www.nytimes.com/namespaces/keywords/nyt_org_all">Food and Drug Administration</category>
    </item>
    <item>
      <title>Air Pollution May Pose Serious Risks to Young Children</title>
      <link>https://www.nytimes.com/2018/04/13/well/family/air-pollution-may-pose-serious-risks-to-young-children.html?partner=rss&amp;emc=rss</link>
      <guid isPermaLink="true">https://www.nytimes.com/2018/04/13/well/family/air-pollution-may-pose-serious-risks-to-young-children.html</guid>
      <atom:link href="https://www.nytimes.com/2018/04/13/well/family/air-pollution-may-pose-serious-risks-to-young-children.html?partner=rss&amp;emc=rss" rel="standout"/>
      <media:content url="https://static01.nyt.com/images/2016/09/14/well/well_pog_child/well_pog_child-moth.jpg" medium="image" height="151" width="151"/>
      <media:description/>
      <media:credit/>
      <description>Air pollution increases the number of lower respiratory infections, a leading cause of illness and death in children under 2.</description>
      <dc:creator>NICHOLAS BAKALAR</dc:creator>
      <pubDate>Fri, 13 Apr 2018 04:15:01 GMT</pubDate>
      <category domain="http://www.nytimes.com/namespaces/keywords/des">Air Pollution</category>
      <category domain="http://www.nytimes.com/namespaces/keywords/des">Youth</category>
      <category domain="http://www.nytimes.com/namespaces/keywords/des">Respiratory Diseases</category>
      <category domain="http://www.nytimes.com/namespaces/keywords/des">Babies and Infants</category>
    </item>
  </channel>
</rss>
