<?xml version="1.0"?>
<rss xmlns:dc="http://purl.org/dc/elements/1.1/" xmlns:media="http://search.yahoo.com/mrss/" xmlns:atom="http://www.w3.org/2005/Atom" xmlns:nyt="http://www.nytimes.com/namespaces/rss/2.0" version="2.0">
  <channel>
    <title>NYT &gt; Sports</title>
    <link>https://www.nytimes.com/section/sports?partner=rss&amp;emc=rss</link>
    <atom:link rel="self" type="application/rss+xml" href="http://www.nytimes.com/services/xml/rss/nyt/Sports.xml"/>
    <description/>
    <language>en-us</language>
    <copyright>Copyright 2018  The New York Times Company</copyright>
    <lastBuildDate>Fri, 13 Apr 2018 16:20:31 GMT </lastBuildDate>
    <image>
      <title>NYT &gt; Sports</title>
      <url>https://static01.nyt.com/images/misc/NYT_logo_rss_250x40.png</url>
      <link>https://www.nytimes.com/section/sports?partner=rss&amp;emc=rss</link>
    </image>
    <item>
      <title>New Coach? New Players? Prayers? How to Fix the Knicks (and Nets)</title>
      <link>https://www.nytimes.com/2018/04/12/sports/fix-knicks-nets.html?partner=rss&amp;emc=rss</link>
      <guid isPermaLink="true">https://www.nytimes.com/2018/04/12/sports/fix-knicks-nets.html</guid>
      <atom:link href="https://www.nytimes.com/2018/04/12/sports/fix-knicks-nets.html?partner=rss&amp;emc=rss" rel="standout"/>
      <media:content url="https://static01.nyt.com/images/2018/04/11/sports/00knicksnets-1/00knicksnets-1-moth.jpg" medium="image" height="151" width="151"/>
      <media:description>The consensus among our experts is that Kristaps Porzingis needs to be healthy for the Knicks to be great.</media:description>
      <media:credit>Isaiah J. Downing/USA Today Sports, via Reuters</media:credit>
      <description>The New York Times asked a handful of interested parties how to restore the luster of New York basketball. And get it started in Brooklyn.</description>
      <dc:creator>HARVEY ARATON, MARC STEIN and MALIKA ANDREWS</dc:creator>
      <pubDate>Thu, 12 Apr 2018 16:35:28 GMT</pubDate>
      <category domain="http://www.nytimes.com/namespaces/keywords/des">Basketball</category>
      <category domain="http://www.nytimes.com/namespaces/keywords/nyt_org_all">New York Knicks</category>
      <category domain="http://www.nytimes.com/namespaces/keywords/nyt_org_all">Brooklyn Nets</category>
      <category domain="http://www.nytimes.com/namespaces/keywords/nyt_per">Porzingis, Kristaps (1995- )</category>
      <category domain="http://www.nytimes.com/namespaces/keywords/nyt_per">Lin, Jeremy</category>
    </item>
    <item>
      <title>2018 N.B.A. Playoff Preview: As the Playoffs Begin, the N.B.A.&#x2019;s Biggest Stars are Going Ring Hunting </title>
      <link>https://www.nytimes.com/2018/04/13/sports/nba-playoff-preview.html?partner=rss&amp;emc=rss</link>
      <guid isPermaLink="true">https://www.nytimes.com/2018/04/13/sports/nba-playoff-preview.html</guid>
      <atom:link rel="standout" href="https://www.nytimes.com/2018/04/13/sports/nba-playoff-preview.html?partner=rss&amp;emc=rss"/>
      <media:content url="https://static01.nyt.com/images/2018/04/12/sports/00NBAgif/00NBAgif-moth.jpg" medium="image" height="151" width="151"/>
      <media:description/>
      <media:credit>Peter and Maria Hoey</media:credit>
      <description>The Rockets, Warriors and Cavaliers all think they have an edge in the league&#x2019;s annual contest for the jewelry that tends to dominate the conversation.</description>
      <dc:creator>BENJAMIN HOFFMAN</dc:creator>
      <pubDate>Fri, 13 Apr 2018 11:00:08 GMT</pubDate>
      <category domain="http://www.nytimes.com/namespaces/keywords/des">Basketball</category>
      <category domain="http://www.nytimes.com/namespaces/keywords/des">Playoff Games</category>
      <category domain="http://www.nytimes.com/namespaces/keywords/nyt_org_all">Houston Rockets</category>
      <category domain="http://www.nytimes.com/namespaces/keywords/nyt_org_all">Golden State Warriors</category>
      <category domain="http://www.nytimes.com/namespaces/keywords/nyt_org_all">Toronto Raptors</category>
      <category domain="http://www.nytimes.com/namespaces/keywords/nyt_org_all">Cleveland Cavaliers</category>
      <category domain="http://www.nytimes.com/namespaces/keywords/nyt_org_all">Boston Celtics</category>
      <category domain="http://www.nytimes.com/namespaces/keywords/nyt_org_all">Philadelphia 76ers</category>
      <category domain="http://www.nytimes.com/namespaces/keywords/nyt_per">James, LeBron</category>
      <category domain="http://www.nytimes.com/namespaces/keywords/nyt_per">Curry, Stephen</category>
      <category domain="http://www.nytimes.com/namespaces/keywords/nyt_per">Paul, Chris (1985- )</category>
      <category domain="http://www.nytimes.com/namespaces/keywords/nyt_per">McHale, Kevin</category>
      <category domain="http://www.nytimes.com/namespaces/keywords/nyt_per">Bryant, Kobe</category>
    </item>
    <item>
      <title>On Pro Basketball: Knicks Coaching Job Criteria: The Best Qualified for Losing</title>
      <link>https://www.nytimes.com/2018/04/12/sports/knicks-coach-search.html?partner=rss&amp;emc=rss</link>
      <guid isPermaLink="true">https://www.nytimes.com/2018/04/12/sports/knicks-coach-search.html</guid>
      <atom:link href="https://www.nytimes.com/2018/04/12/sports/knicks-coach-search.html?partner=rss&amp;emc=rss" rel="standout"/>
      <media:content url="https://static01.nyt.com/images/2018/04/13/sports/13araton/13araton-moth.jpg" medium="image" height="151" width="151"/>
      <media:description>Will the Knicks hire a coach who can weather a lot of losing before winning, as the Sixers have done with their coach, Brett Brown?<br/><br/><br/></media:description>
      <media:credit>Nell Redmond/Associated Press</media:credit>
      <description>With its franchise player out, absorbing losses while trying to rebuild will be important for the new Knicks coach, along with a thick skin.</description>
      <dc:creator>HARVEY ARATON</dc:creator>
      <pubDate>Fri, 13 Apr 2018 01:32:11 GMT</pubDate>
      <category domain="http://www.nytimes.com/namespaces/keywords/des">Basketball</category>
      <category domain="http://www.nytimes.com/namespaces/keywords/nyt_org_all">New York Knicks</category>
      <category domain="http://www.nytimes.com/namespaces/keywords/nyt_per">Dolan, James L</category>
      <category domain="http://www.nytimes.com/namespaces/keywords/nyt_per">Hornacek, Jeff</category>
      <category domain="http://www.nytimes.com/namespaces/keywords/nyt_per">Jackson, Mark A</category>
    </item>
    <item>
      <title>Amid Yankees-Red Sox Chaos, a Moment of Base-Running Chivalry</title>
      <link>https://www.nytimes.com/2018/04/12/sports/baseball/red-sox-yankees.html?partner=rss&amp;emc=rss</link>
      <guid isPermaLink="true">https://www.nytimes.com/2018/04/12/sports/baseball/red-sox-yankees.html</guid>
      <atom:link href="https://www.nytimes.com/2018/04/12/sports/baseball/red-sox-yankees.html?partner=rss&amp;emc=rss" rel="standout"/>
      <media:content url="https://static01.nyt.com/images/2018/04/13/sports/13yankeesweb/13yankeesweb-moth.jpg" medium="image" height="151" width="151"/>
      <media:description>Tyler Austin of the Yankees, center, drew the Red Sox's ire for catching Brock Holt with a spike. But Jackie Bradley Jr. avoided a similar situation later.</media:description>
      <media:credit>Maddie Meyer/Getty Images</media:credit>
      <description>There were angry words and punches, sure, but one Red Sox player avoided an episode that could have turned things much worse.</description>
      <dc:creator>BILLY WITZ</dc:creator>
      <pubDate>Fri, 13 Apr 2018 03:05:04 GMT</pubDate>
      <category domain="http://www.nytimes.com/namespaces/keywords/des">Baseball</category>
      <category domain="http://www.nytimes.com/namespaces/keywords/nyt_org_all">Boston Red Sox</category>
      <category domain="http://www.nytimes.com/namespaces/keywords/nyt_org_all">New York Yankees</category>
      <category domain="http://www.nytimes.com/namespaces/keywords/nyt_per">Austin, Tyler (1991- )</category>
      <category domain="http://www.nytimes.com/namespaces/keywords/nyt_per">Gregorius, Didi (1990- )</category>
      <category domain="http://www.nytimes.com/namespaces/keywords/nyt_per">Kelly, Joe (1988- )</category>
      <category domain="http://www.nytimes.com/namespaces/keywords/nyt_per">Bradley, Jackie Jr</category>
    </item>
    <item>
      <title>Diamond DeShields&#x2019;s Path to the W.N.B.A. Took Her From Tennessee to Turkey</title>
      <link>https://www.nytimes.com/2018/04/12/sports/basketball/diamond-deshields-wnba-draft.html?partner=rss&amp;emc=rss</link>
      <guid isPermaLink="true">https://www.nytimes.com/2018/04/12/sports/basketball/diamond-deshields-wnba-draft.html</guid>
      <atom:link href="https://www.nytimes.com/2018/04/12/sports/basketball/diamond-deshields-wnba-draft.html?partner=rss&amp;emc=rss" rel="standout"/>
      <media:content url="https://static01.nyt.com/images/2018/04/13/sports/13wnba/13wnba-moth.jpg" medium="image" height="151" width="151"/>
      <media:description>Diamond DeShields led Tennessee in scoring during her two seasons there, but skipped her final year of eligibility to turn pro.</media:description>
      <media:credit>Doug Buffington/Icon Sportswire, via Getty Images</media:credit>
      <description>DeShields, expected to be a top-10 pick in the W.N.B.A. draft on Thursday, skipped her final year with the Lady Vols to play professionally overseas.</description>
      <dc:creator>SETH BERKMAN</dc:creator>
      <pubDate>Thu, 12 Apr 2018 23:52:47 GMT</pubDate>
      <category domain="http://www.nytimes.com/namespaces/keywords/des">Basketball</category>
      <category domain="http://www.nytimes.com/namespaces/keywords/nyt_org_all">Women's National Basketball Assn</category>
      <category domain="http://www.nytimes.com/namespaces/keywords/nyt_org_all">University of Tennessee</category>
      <category domain="http://www.nytimes.com/namespaces/keywords/nyt_per">DeShields, Diamond</category>
    </item>
    <item>
      <title>Red Sox 6, Yankees 3: Yankees Hitters Prayed for Rain, but Rick Porcello Just Pitched Through It</title>
      <link>https://www.nytimes.com/2018/04/12/sports/yankees-red-sox.html?partner=rss&amp;emc=rss</link>
      <guid isPermaLink="true">https://www.nytimes.com/2018/04/12/sports/yankees-red-sox.html</guid>
      <atom:link rel="standout" href="https://www.nytimes.com/2018/04/12/sports/yankees-red-sox.html?partner=rss&amp;emc=rss"/>
      <media:content url="https://static01.nyt.com/images/2018/04/13/sports/13yankgame/13yankgame-moth.jpg" medium="image" height="151" width="151"/>
      <media:description>Rick Porcello carried a no-hitter into the seventh inning on Thursday, but Aaron Judge ended it with a double.</media:description>
      <media:credit>Adam Glanzman/Getty Images</media:credit>
      <description>The Boston right-hander showed no ill-effects after returning to the mound following a rain delay. He allowed just 2 hits in 7 innings.</description>
      <dc:creator>BILLY WITZ</dc:creator>
      <pubDate>Fri, 13 Apr 2018 04:00:54 GMT</pubDate>
      <category domain="http://www.nytimes.com/namespaces/keywords/des">Baseball</category>
      <category domain="http://www.nytimes.com/namespaces/keywords/nyt_org_all">New York Yankees</category>
      <category domain="http://www.nytimes.com/namespaces/keywords/nyt_org_all">Boston Red Sox</category>
      <category domain="http://www.nytimes.com/namespaces/keywords/nyt_per">Porcello, Rick</category>
      <category domain="http://www.nytimes.com/namespaces/keywords/nyt_per">Gray, Sonny Douglas</category>
    </item>
  </channel>
</rss>
