<?xml version="1.0"?>
<rss xmlns:dc="http://purl.org/dc/elements/1.1/" xmlns:media="http://search.yahoo.com/mrss/" xmlns:atom="http://www.w3.org/2005/Atom" xmlns:nyt="http://www.nytimes.com/namespaces/rss/2.0" version="2.0">
  <channel>
    <title>NYT &gt; Travel</title>
    <link>https://www.nytimes.com/section/travel?partner=rss&amp;emc=rss</link>
    <atom:link rel="self" type="application/rss+xml" href="http://www.nytimes.com/services/xml/rss/nyt/Travel.xml"/>
    <description/>
    <language>en-us</language>
    <copyright>Copyright 2018  The New York Times Company</copyright>
    <lastBuildDate>Fri, 13 Apr 2018 15:38:52 GMT </lastBuildDate>
    <image>
      <title>NYT &gt; Travel</title>
      <url>https://static01.nyt.com/images/misc/NYT_logo_rss_250x40.png</url>
      <link>https://www.nytimes.com/section/travel?partner=rss&amp;emc=rss</link>
    </image>
    <item>
      <title>The Getaway: Sustainable Travel: It&#x2019;s not Just About the Environment</title>
      <link>https://www.nytimes.com/2018/04/13/travel/sustainable-travel.html?partner=rss&amp;emc=rss</link>
      <guid isPermaLink="true">https://www.nytimes.com/2018/04/13/travel/sustainable-travel.html</guid>
      <atom:link rel="standout" href="https://www.nytimes.com/2018/04/13/travel/sustainable-travel.html?partner=rss&amp;emc=rss"/>
      <media:content url="https://static01.nyt.com/images/2018/04/22/travel/22Getaway1/22Getaway1-moth.jpg" medium="image" height="151" width="151"/>
      <media:description>Village Ways, which specializes in sustainable travel, includes a program with migratory shepherds in the Indian Himalayas.</media:description>
      <media:credit>Village Ways</media:credit>
      <description>A look at tours and programs that address the impact travelers have on the communities they visit.</description>
      <dc:creator>ELAINE GLUSAC</dc:creator>
      <pubDate>Fri, 13 Apr 2018 09:00:12 GMT</pubDate>
      <category domain="http://www.nytimes.com/namespaces/keywords/des">Travel and Vacations</category>
      <category domain="http://www.nytimes.com/namespaces/keywords/des">Eco-Tourism</category>
      <category domain="http://www.nytimes.com/namespaces/keywords/nyt_keyword">Social impact travel</category>
      <category domain="http://www.nytimes.com/namespaces/keywords/nyt_keyword">Sustainable Travel</category>
    </item>
    <item>
      <title>Travel Tips: Five Ways to Get Some Culture on Your Next Cruise</title>
      <link>https://www.nytimes.com/2018/04/13/travel/culture-cruise-tips.html?partner=rss&amp;emc=rss</link>
      <guid isPermaLink="true">https://www.nytimes.com/2018/04/13/travel/culture-cruise-tips.html</guid>
      <atom:link href="https://www.nytimes.com/2018/04/13/travel/culture-cruise-tips.html?partner=rss&amp;emc=rss" rel="standout"/>
      <media:content url="https://static01.nyt.com/images/2018/04/15/travel/15TIPS/15TIPS-moth.jpg" medium="image" height="151" width="151"/>
      <media:description/>
      <media:credit>Lars Leetaru</media:credit>
      <description>Cruises have a reputation for being all about drinking and luxury, but if you want your next trip to be a cultural experience as well, here&#x2019;s how.</description>
      <dc:creator>SHIVANI VORA</dc:creator>
      <pubDate>Fri, 13 Apr 2018 09:00:06 GMT</pubDate>
      <category domain="http://www.nytimes.com/namespaces/keywords/des">Cruises</category>
      <category domain="http://www.nytimes.com/namespaces/keywords/des">Travel and Vacations</category>
    </item>
    <item>
      <title>Personal Journeys: My Upper East Side Story: Pizza, Schnitzel, a Piano Bar</title>
      <link>https://www.nytimes.com/2018/04/12/travel/upper-east-side-manhattan-tour.html?partner=rss&amp;emc=rss</link>
      <guid isPermaLink="true">https://www.nytimes.com/2018/04/12/travel/upper-east-side-manhattan-tour.html</guid>
      <atom:link href="https://www.nytimes.com/2018/04/12/travel/upper-east-side-manhattan-tour.html?partner=rss&amp;emc=rss" rel="standout"/>
      <media:content url="https://static01.nyt.com/images/2018/04/15/travel/15uppereast1/15uppereast1-moth.jpg" medium="image" height="151" width="151"/>
      <media:description>Bruno Dicarlo setting the room before service at Erminia.</media:description>
      <media:credit>Robert Wright for The New York Times</media:credit>
      <description>After decades of living in New York City, discovering the many charms of a Manhattan neighborhood.</description>
      <dc:creator>ROBERT SIMONSON</dc:creator>
      <pubDate>Thu, 12 Apr 2018 09:00:09 GMT</pubDate>
      <category domain="http://www.nytimes.com/namespaces/keywords/mdes">Travel and Vacations</category>
      <category domain="http://www.nytimes.com/namespaces/keywords/nyt_geo">Upper East Side (Manhattan, NY)</category>
      <category domain="http://www.nytimes.com/namespaces/keywords/nyt_geo">East Harlem (Manhattan, NY)</category>
    </item>
    <item>
      <title>36 Hours: 36 Hours in Victoria, British Columbia</title>
      <link>https://www.nytimes.com/2018/04/12/travel/36-hours-in-victoria-british-columbia.html?partner=rss&amp;emc=rss</link>
      <guid isPermaLink="true">https://www.nytimes.com/2018/04/12/travel/36-hours-in-victoria-british-columbia.html</guid>
      <atom:link rel="standout" href="https://www.nytimes.com/2018/04/12/travel/36-hours-in-victoria-british-columbia.html?partner=rss&amp;emc=rss"/>
      <media:content url="https://static01.nyt.com/images/2018/04/22/travel/22Hours-Victoria4/22Hours-Victoria4-moth.jpg" medium="image" height="151" width="151"/>
      <media:description>The Inner Harbour, with the majestic Parliament buildings in the background.</media:description>
      <media:credit>Ema Peter for The New York Times</media:credit>
      <description>On lush Vancouver Island, this urban jewel offers innovative restaurants, gorgeous parks and gardens, and museums that celebrate the area&#x2019;s many cultures.</description>
      <dc:creator>SUZANNE CARMICK</dc:creator>
      <pubDate>Thu, 12 Apr 2018 14:07:06 GMT</pubDate>
      <category domain="http://www.nytimes.com/namespaces/keywords/mdes">Travel and Vacations</category>
      <category domain="http://www.nytimes.com/namespaces/keywords/nyt_geo">Vancouver Island (British Columbia)</category>
      <category domain="http://www.nytimes.com/namespaces/keywords/nyt_geo">Victoria</category>
    </item>
    <item>
      <title>Bulletin Board: Cute Shoes Are Useless, and Other Lessons From Three Months Traveling the World</title>
      <link>https://www.nytimes.com/2018/04/12/reader-center/52-places-travel.html?partner=rss&amp;emc=rss</link>
      <guid isPermaLink="true">https://www.nytimes.com/2018/04/12/reader-center/52-places-travel.html</guid>
      <atom:link rel="standout" href="https://www.nytimes.com/2018/04/12/reader-center/52-places-travel.html?partner=rss&amp;emc=rss"/>
      <media:content url="https://static01.nyt.com/images/2018/01/21/travel/21traveler/21traveler-moth-v4.jpg" medium="image" height="151" width="151"/>
      <media:description>Jada Yuan, the new 52 Places correspondent, was chosen from more than 13,000 applicants.</media:description>
      <media:credit>Todd Heisler/The New York Times</media:credit>
      <description>Our 52 Places Traveler answers readers&#x2019; questions about the journey so far and traveling alone, as a woman.</description>
      <dc:creator>JADA YUAN</dc:creator>
      <pubDate>Thu, 12 Apr 2018 14:21:09 GMT</pubDate>
      <category domain="http://www.nytimes.com/namespaces/keywords/des">Travel and Vacations</category>
      <category domain="http://www.nytimes.com/namespaces/keywords/nyt_org_all">New York Times</category>
    </item>
    <item>
      <title>Will U.S. Withdrawal from Unesco Affect Heritage Sites?</title>
      <link>https://www.nytimes.com/2018/04/12/travel/withdrawal-unesco-heritage-sites.html?partner=rss&amp;emc=rss</link>
      <guid isPermaLink="true">https://www.nytimes.com/2018/04/12/travel/withdrawal-unesco-heritage-sites.html</guid>
      <atom:link rel="standout" href="https://www.nytimes.com/2018/04/12/travel/withdrawal-unesco-heritage-sites.html?partner=rss&amp;emc=rss"/>
      <media:content url="https://static01.nyt.com/images/2018/04/15/travel/15unesco/15unesco-moth.jpg" medium="image" height="151" width="151"/>
      <media:description>Grand Prismatic, the largest hot spring in Yellowstone National Park, a Unesco World Heritage site.</media:description>
      <media:credit>Scott Robinson for The New York Times</media:credit>
      <description>Each country is responsible for maintaining its sites, but leaving the organization means not being on the committee that selects places for the list.</description>
      <dc:creator>JESSICA COLLEY CLARKE</dc:creator>
      <pubDate>Thu, 12 Apr 2018 09:00:08 GMT</pubDate>
      <category domain="http://www.nytimes.com/namespaces/keywords/des">World Heritage Sites</category>
      <category domain="http://www.nytimes.com/namespaces/keywords/des">Travel and Vacations</category>
      <category domain="http://www.nytimes.com/namespaces/keywords/nyt_org_all">United Nations Educational, Scientific and Cultural Organization</category>
    </item>
  </channel>
</rss>
