<?xml version="1.0"?>
<rss xmlns:dc="http://purl.org/dc/elements/1.1/" xmlns:media="http://search.yahoo.com/mrss/" xmlns:atom="http://www.w3.org/2005/Atom" xmlns:nyt="http://www.nytimes.com/namespaces/rss/2.0" version="2.0">
  <channel>
    <title>NYT &gt; Travel</title>
    <link>https://www.nytimes.com/section/travel?partner=rss&amp;emc=rss</link>
    <atom:link rel="self" type="application/rss+xml" href="http://www.nytimes.com/services/xml/rss/nyt/Travel.xml"/>
    <description/>
    <language>en-us</language>
    <copyright>Copyright 2018  The New York Times Company</copyright>
    <lastBuildDate>Fri, 13 Apr 2018 15:38:52 GMT </lastBuildDate>
    <image>
      <title>NYT &gt; Travel</title>
      <url>https://static01.nyt.com/images/misc/NYT_logo_rss_250x40.png</url>
      <link>https://www.nytimes.com/section/travel?partner=rss&amp;emc=rss</link>
    </image>
    <item>
      <title>The Getaway: Sustainable Travel: It&#x2019;s not Just About the Environment</title>
      <link>https://www.nytimes.com/2018/04/13/travel/sustainable-travel.html?partner=rss&amp;emc=rss</link>
      <guid isPermaLink="true">https://www.nytimes.com/2018/04/13/travel/sustainable-travel.html</guid>
      <atom:link rel="standout" href="https://www.nytimes.com/2018/04/13/travel/sustainable-travel.html?partner=rss&amp;emc=rss"/>
      <media:content url="https://static01.nyt.com/images/2018/04/22/travel/22Getaway1/22Getaway1-moth.jpg" medium="image" height="151" width="151"/>
      <media:description>Village Ways, which specializes in sustainable travel, includes a program with migratory shepherds in the Indian Himalayas.</media:description>
      <media:credit>Village Ways</media:credit>
      <description>A look at tours and programs that address the impact travelers have on the communities they visit.</description>
      <dc:creator>ELAINE GLUSAC</dc:creator>
      <pubDate>Fri, 13 Apr 2018 09:00:12 GMT</pubDate>
      <category domain="http://www.nytimes.com/namespaces/keywords/des">Travel and Vacations</category>
      <category domain="http://www.nytimes.com/namespaces/keywords/des">Eco-Tourism</category>
      <category domain="http://www.nytimes.com/namespaces/keywords/nyt_keyword">Social impact travel</category>
      <category domain="http://www.nytimes.com/namespaces/keywords/nyt_keyword">Sustainable Travel</category>
    </item>
    <item>
      <title>Travel Tips: Five Ways to Get Some Culture on Your Next Cruise</title>
      <link>https://www.nytimes.com/2018/04/13/travel/culture-cruise-tips.html?partner=rss&amp;emc=rss</link>
      <guid isPermaLink="true">https://www.nytimes.com/2018/04/13/travel/culture-cruise-tips.html</guid>
      <atom:link href="https://www.nytimes.com/2018/04/13/travel/culture-cruise-tips.html?partner=rss&amp;emc=rss" rel="standout"/>
      <media:content url="https://static01.nyt.com/images/2018/04/15/travel/15TIPS/15TIPS-moth.jpg" medium="image" height="151" width="151"/>
      <media:description/>
      <media:credit>Lars Leetaru</media:credit>
      <description>Cruises have a reputation for being all about drinking and luxury, but if you want your next trip to be a cultural experience as well, here&#x2019;s how.</description>
      <dc:creator>SHIVANI VORA</dc:creator>
      <pubDate>Fri, 13 Apr 2018 09:00:06 GMT</pubDate>
      <category domain="http://www.nytimes.com/namespaces/keywords/des">Cruises</category>
      <category domain="http://www.nytimes.com/namespaces/keywords/des">Travel and Vacations</category>
    </item>
    <item>
      <title>Personal Journeys: My Upper East Side Story: Pizza, Schnitzel, a Piano Bar</title>
      <link>https://www.nytimes.com/2018/04/12/travel/upper-east-side-manhattan-tour.html?partner=rss&amp;emc=rss</link>
      <guid isPermaLink="true">https://www.nytimes.com/2018/04/12/travel/upper-east-side-manhattan-tour.html</guid>
      <atom:link href="https://www.nytimes.com/2018/04/12/travel/upper-east-side-manhattan-tour.html?partner=rss&amp;emc=rss" rel="standout"/>
      <media:content url="https://static01.nyt.com/images/2018/04/15/travel/15uppereast1/15uppereast1-moth.jpg" medium="image" height="151" width="151"/>
      <media:description>Bruno Dicarlo setting the room before service at Erminia.</media:description>
      <media:credit>Robert Wright for The New York Times</media:credit>
      <description>After decades of living in New York City, discovering the many charms of a Manhattan neighborhood.</description>
      <dc:creator>ROBERT SIMONSON</dc:creator>
      <pubDate>Thu, 12 Apr 2018 09:00:09 GMT</pubDate>
      <category domain="http://www.nytimes.com/namespaces/keywords/mdes">Travel and Vacations</category>
      <category domain="http://www.nytimes.com/namespaces/keywords/nyt_geo">Upper East Side (Manhattan, NY)</category>
      <category domain="http://www.nytimes.com/namespaces/keywords/nyt_geo">East Harlem (Manhattan, NY)</category>
    </item>
    <item>
      <title>36 Hours: 36 Hours in Victoria, British Columbia</title>
      <link>https://www.nytimes.com/2018/04/12/travel/36-hours-in-victoria-british-columbia.html?partner=rss&amp;emc=rss</link>
      <guid isPermaLink="true">https://www.nytimes.com/2018/04/12/travel/36-hours-in-victoria-british-columbia.html</guid>
      <atom:link rel="standout" href="https://www.nytimes.com/2018/04/12/travel/36-hours-in-victoria-british-columbia.html?partner=rss&amp;emc=rss"/>
      <media:content url="https://static01.nyt.com/images/2018/04/22/travel/22Hours-Victoria4/22Hours-Victoria4-moth.jpg" medium="image" height="151" width="151"/>
      <media:description>The Inner Harbour, with the majestic Parliament buildings in the background.</media:description>
      <media:credit>Ema Peter for The New York Times</media:credit>
      <description>On lush Vancouver Island, this urban jewel offers innovative restaurants, gorgeous parks and gardens, and museums that celebrate the area&#x2019;s many cultures.</description>
      <dc:creator>SUZANNE CARMICK</dc:creator>
      <pubDate>Thu, 12 Apr 2018 14:07:06 GMT</pubDate>
      <category domain="http://www.nytimes.com/namespaces/keywords/mdes">Travel and Vacations</category>
      <category domain="http://www.nytimes.com/namespaces/keywords/nyt_geo">Vancouver Island (British Columbia)</category>
      <category domain="http://www.nytimes.com/namespaces/keywords/nyt_geo">Victoria</category>
    </item>
    <item>
      <title>Bulletin Board: Cute Shoes Are Useless, and Other Lessons From Three Months Traveling the World</title>
      <link>https://www.nytimes.com/2018/04/12/reader-center/52-places-travel.html?partner=rss&amp;emc=rss</link>
      <guid isPermaLink="true">https://www.nytimes.com/2018/04/12/reader-center/52-places-travel.html</guid>
      <atom:link rel="standout" href="https://www.nytimes.com/2018/04/12/reader-center/52-places-travel.html?partner=rss&amp;emc=rss"/>
      <media:content url="https://static01.nyt.com/images/2018/01/21/travel/21traveler/21traveler-moth-v4.jpg" medium="image" height="151" width="151"/>
      <media:description>Jada Yuan, the new 52 Places correspondent, was chosen from more than 13,000 applicants.</media:description>
      <media:credit>Todd Heisler/The New York Times</media:credit>
      <description>Our 52 Places Traveler answers readers&#x2019; questions about the journey so far and traveling alone, as a woman.</description>
      <dc:creator>JADA YUAN</dc:creator>
      <pubDate>Thu, 12 Apr 2018 14:21:09 GMT</pubDate>
      <category domain="http://www.nytimes.com/namespaces/keywords/des">Travel and Vacations</category>
      <category domain="http://www.nytimes.com/namespaces/keywords/nyt_org_all">New York Times</category>
    </item>
    <item>
      <title>Will U.S. Withdrawal from Unesco Affect Heritage Sites?</title>
      <link>https://www.nytimes.com/2018/04/12/travel/withdrawal-unesco-heritage-sites.html?partner=rss&amp;emc=rss</link>
      <guid isPermaLink="true">https://www.nytimes.com/2018/04/12/travel/withdrawal-unesco-heritage-sites.html</guid>
      <atom:link rel="standout" href="https://www.nytimes.com/2018/04/12/travel/withdrawal-unesco-heritage-sites.html?partner=rss&amp;emc=rss"/>
      <media:content url="https://static01.nyt.com/images/2018/04/15/travel/15unesco/15unesco-moth.jpg" medium="image" height="151" width="151"/>
      <media:description>Grand Prismatic, the largest hot spring in Yellowstone National Park, a Unesco World Heritage site.</media:description>
      <media:credit>Scott Robinson for The New York Times</media:credit>
      <description>Each country is responsible for maintaining its sites, but leaving the organization means not being on the committee that selects places for the list.</description>
      <dc:creator>JESSICA COLLEY CLARKE</dc:creator>
      <pubDate>Thu, 12 Apr 2018 09:00:08 GMT</pubDate>
      <category domain="http://www.nytimes.com/namespaces/keywords/des">World Heritage Sites</category>
      <category domain="http://www.nytimes.com/namespaces/keywords/des">Travel and Vacations</category>
      <category domain="http://www.nytimes.com/namespaces/keywords/nyt_org_all">United Nations Educational, Scientific and Cultural Organization</category>
    </item>
    <item>
      <title>Frugal Traveler: How to Navigate the Complicated World of Credit Card Points</title>
      <link>https://www.nytimes.com/2018/04/11/travel/credit-card-points-tips.html?partner=rss&amp;emc=rss</link>
      <guid isPermaLink="true">https://www.nytimes.com/2018/04/11/travel/credit-card-points-tips.html</guid>
      <atom:link rel="standout" href="https://www.nytimes.com/2018/04/11/travel/credit-card-points-tips.html?partner=rss&amp;emc=rss"/>
      <media:content url="https://static01.nyt.com/images/2018/04/15/travel/15FRUGAL/15FRUGAL-moth.jpg" medium="image" height="151" width="151"/>
      <media:description/>
      <media:credit>Natalie Andrewson</media:credit>
      <description>Credit card points are generally more valuable than points or miles attached to a specific airline or hotel group. The reason? Flexibility.</description>
      <dc:creator>LUCAS PETERSON</dc:creator>
      <pubDate>Wed, 11 Apr 2018 09:00:07 GMT</pubDate>
      <category domain="http://www.nytimes.com/namespaces/keywords/des">Credit Cards</category>
      <category domain="http://www.nytimes.com/namespaces/keywords/des">Travel and Vacations</category>
    </item>
    <item>
      <title>5 Places: Five Places to Go in Bangkok</title>
      <link>https://www.nytimes.com/2018/04/11/travel/five-places-to-go-in-bangkok-ari.html?partner=rss&amp;emc=rss</link>
      <guid isPermaLink="true">https://www.nytimes.com/2018/04/11/travel/five-places-to-go-in-bangkok-ari.html</guid>
      <atom:link rel="standout" href="https://www.nytimes.com/2018/04/11/travel/five-places-to-go-in-bangkok-ari.html?partner=rss&amp;emc=rss"/>
      <media:content url="https://static01.nyt.com/images/2018/04/15/travel/15bangkok-5places4/15bangkok-5places4-moth.jpg" medium="image" height="151" width="151"/>
      <media:description>Paper Butter and the Burger is a laidback hangout in Bangkok's trendy Ari neighborhood.</media:description>
      <media:credit>David Rama Terrazas Morales for The New York Times</media:credit>
      <description>Bangkok&#x2019;s Ari neighborhood is increasingly a thicket of sleek high-rise buildings and indie cool-kid hangouts radiating international flavors.</description>
      <dc:creator>SETH SHERWOOD</dc:creator>
      <pubDate>Wed, 11 Apr 2018 22:32:13 GMT</pubDate>
      <category domain="http://www.nytimes.com/namespaces/keywords/mdes">Travel and Vacations</category>
      <category domain="http://www.nytimes.com/namespaces/keywords/des">Restaurants</category>
      <category domain="http://www.nytimes.com/namespaces/keywords/mdes">Bars and Nightclubs</category>
      <category domain="http://www.nytimes.com/namespaces/keywords/nyt_geo">Ari</category>
      <category domain="http://www.nytimes.com/namespaces/keywords/nyt_geo">Bangkok (Thailand)</category>
    </item>
    <item>
      <title>Explorer: Taking to the River in Thailand</title>
      <link>https://www.nytimes.com/2018/04/10/travel/thailand-river-tour.html?partner=rss&amp;emc=rss</link>
      <guid isPermaLink="true">https://www.nytimes.com/2018/04/10/travel/thailand-river-tour.html</guid>
      <atom:link href="https://www.nytimes.com/2018/04/10/travel/thailand-river-tour.html?partner=rss&amp;emc=rss" rel="standout"/>
      <media:content url="https://static01.nyt.com/images/2018/04/15/travel/15thailand-boat1/15thailand-boat1-moth.jpg" medium="image" height="151" width="151"/>
      <media:description>A long-tail boat in Thonburi, Bangkok.</media:description>
      <media:credit>David Rama Terrazas Morales for The New York Times</media:credit>
      <description>Temples, floating markets, candlelight cruises, massages: you can create your own water-themed tour.</description>
      <dc:creator>PATRICK SCOTT</dc:creator>
      <pubDate>Tue, 10 Apr 2018 20:32:18 GMT</pubDate>
      <category domain="http://www.nytimes.com/namespaces/keywords/des">Travel and Vacations</category>
      <category domain="http://www.nytimes.com/namespaces/keywords/nyt_geo">Thailand</category>
      <category domain="http://www.nytimes.com/namespaces/keywords/des">Rivers</category>
    </item>
    <item>
      <title>Carry On: What Joy Bryant Can&#x2019;t Travel Without</title>
      <link>https://www.nytimes.com/2018/04/11/travel/joy-bryant-travel.html?partner=rss&amp;emc=rss</link>
      <guid isPermaLink="true">https://www.nytimes.com/2018/04/11/travel/joy-bryant-travel.html</guid>
      <atom:link rel="standout" href="https://www.nytimes.com/2018/04/11/travel/joy-bryant-travel.html?partner=rss&amp;emc=rss"/>
      <media:content url="https://static01.nyt.com/images/2018/04/15/travel/15CARRY3/merlin_136381089_762438ee-9bc9-4185-b329-fa5ab22bd1f0-moth.jpg" medium="image" height="151" width="151"/>
      <media:description/>
      <media:credit>Estelle Morris</media:credit>
      <description>The television star always takes two pairs of glasses, a Metallica T-shirt and her drumsticks (for practicing).</description>
      <dc:creator>NELL McSHANE WULFHART</dc:creator>
      <pubDate>Wed, 11 Apr 2018 09:00:07 GMT</pubDate>
      <category domain="http://www.nytimes.com/namespaces/keywords/mdes">Travel and Vacations</category>
      <category domain="http://www.nytimes.com/namespaces/keywords/nyt_per">Bryant, Joy</category>
    </item>
    <item>
      <title>The 52 Places Traveler: Beautiful, Complicated Bogot&#xE1;: A Traveler&#x2019;s Starter Kit </title>
      <link>https://www.nytimes.com/2018/04/10/travel/bogota-colombia-52-places.html?partner=rss&amp;emc=rss</link>
      <guid isPermaLink="true">https://www.nytimes.com/2018/04/10/travel/bogota-colombia-52-places.html</guid>
      <atom:link rel="standout" href="https://www.nytimes.com/2018/04/10/travel/bogota-colombia-52-places.html?partner=rss&amp;emc=rss"/>
      <media:content url="https://static01.nyt.com/images/2018/04/15/travel/15BOGOTA-52PLACES-GRID/15BOGOTA-52PLACES-GRID-moth.jpg" medium="image" height="151" width="151"/>
      <media:description>Scenes from Bogot&#xE1;. Clockwise from top right: Ciengramos restaurant at the Click Clack Hotel; Upstairs view of Andr&#xE9;s D.C.;  the bar at Ciengramos;   a souvenir store at La Plaza de Andr&#xE9;s.</media:description>
      <media:credit>Jada Yuan/The New York Times</media:credit>
      <description>Richness is everywhere in the Colombian capital, from vivid street art to what may be the gaudiest restaurant you&#x2019;ve ever seen.</description>
      <dc:creator>JADA YUAN</dc:creator>
      <pubDate>Wed, 11 Apr 2018 16:30:16 GMT</pubDate>
      <category domain="http://www.nytimes.com/namespaces/keywords/mdes">Travel and Vacations</category>
      <category domain="http://www.nytimes.com/namespaces/keywords/nyt_geo">Bogota (Colombia)</category>
    </item>
    <item>
      <title>Pursuits: Where to Find Bangkok&#x2019;s Best Street Food While You Can</title>
      <link>https://www.nytimes.com/2018/04/09/travel/bangkok-street-food-guide-ban.html?partner=rss&amp;emc=rss</link>
      <guid isPermaLink="true">https://www.nytimes.com/2018/04/09/travel/bangkok-street-food-guide-ban.html</guid>
      <atom:link rel="standout" href="https://www.nytimes.com/2018/04/09/travel/bangkok-street-food-guide-ban.html?partner=rss&amp;emc=rss"/>
      <media:content url="https://static01.nyt.com/images/2018/04/15/travel/15bangkok1/15bangkok1-moth.jpg" medium="image" height="151" width="151"/>
      <media:description>Young locals and tourists eat and wander around the streets of the Train Market in Ratchada.</media:description>
      <media:credit>David Rama Terrazas Morales for The New York Times</media:credit>
      <description>Will the city ban its famed street food offerings? It&#x2019;s unclear. In the meantime, a quest to find the best fishball noodle stands and much more.</description>
      <dc:creator>MATT GROSS</dc:creator>
      <pubDate>Tue, 10 Apr 2018 15:19:44 GMT</pubDate>
      <category domain="http://www.nytimes.com/namespaces/keywords/nyt_geo">Bangkok (Thailand)</category>
      <category domain="http://www.nytimes.com/namespaces/keywords/des">Food</category>
      <category domain="http://www.nytimes.com/namespaces/keywords/des">Restaurants</category>
      <category domain="http://www.nytimes.com/namespaces/keywords/mdes">Travel and Vacations</category>
    </item>
    <item>
      <title>Chasing the Deal: Four Affordable, Springtime New England Getaways</title>
      <link>https://www.nytimes.com/2018/04/10/travel/new-england-shoulder-season-off-peak-hotel-deals.html?partner=rss&amp;emc=rss</link>
      <guid isPermaLink="true">https://www.nytimes.com/2018/04/10/travel/new-england-shoulder-season-off-peak-hotel-deals.html</guid>
      <atom:link href="https://www.nytimes.com/2018/04/10/travel/new-england-shoulder-season-off-peak-hotel-deals.html?partner=rss&amp;emc=rss" rel="standout"/>
      <media:content url="https://static01.nyt.com/images/2018/04/15/travel/15deal/15deal-moth.jpg" medium="image" height="151" width="151"/>
      <media:description>The 33-room Grace Vanderbilt, in Newport, R.I., is one of the properties offering off-season deals this year.</media:description>
      <media:credit>Grace Vanderbilt</media:credit>
      <description>Springtime, or the &#x201C;shoulder season&#x201D; before the temperatures rise and tourists descend, is the ideal time for a budget-friendly New England getaway.</description>
      <dc:creator>JESSICA COLLEY CLARKE</dc:creator>
      <pubDate>Tue, 10 Apr 2018 09:00:07 GMT</pubDate>
      <category domain="http://www.nytimes.com/namespaces/keywords/nyt_geo">New England States (US)</category>
      <category domain="http://www.nytimes.com/namespaces/keywords/des">Hotels and Travel Lodgings</category>
      <category domain="http://www.nytimes.com/namespaces/keywords/des">Travel and Vacations</category>
    </item>
    <item>
      <title>Betting on the Berkshires</title>
      <link>https://www.nytimes.com/2018/04/13/realestate/second-homes-berkshires.html?partner=rss&amp;emc=rss</link>
      <guid isPermaLink="true">https://www.nytimes.com/2018/04/13/realestate/second-homes-berkshires.html</guid>
      <atom:link rel="standout" href="https://www.nytimes.com/2018/04/13/realestate/second-homes-berkshires.html?partner=rss&amp;emc=rss"/>
      <media:content url="https://static01.nyt.com/images/2018/04/15/realestate/15BERKSHIRES-slide-68GR/15BERKSHIRES-slide-68GR-moth.jpg" medium="image" height="151" width="151"/>
      <media:description>Andrew Berens, a biotechnology analyst at Morgan Stanley in New York, bought an 8,200-square-foot Queen Anne-style house in the village of Housatonic that he and his sons use as a base for skiing at Butternut in the winter and taking in concerts at Tanglewood in the summer.</media:description>
      <media:credit>Preston Schlebusch for The New York Times</media:credit>
      <description>Urban transplants like the former Guggenheim director Thomas Krens think Berkshire County, Mass., has untapped potential. So do real estate developers.</description>
      <dc:creator>TIM McKEOUGH</dc:creator>
      <pubDate>Fri, 13 Apr 2018 09:00:45 GMT</pubDate>
      <category domain="http://www.nytimes.com/namespaces/keywords/des">Real Estate and Housing (Residential)</category>
      <category domain="http://www.nytimes.com/namespaces/keywords/nyt_geo">Berkshires (Mass)</category>
      <category domain="http://www.nytimes.com/namespaces/keywords/nyt_geo">Great Barrington (Mass)</category>
      <category domain="http://www.nytimes.com/namespaces/keywords/nyt_geo">North Adams (Mass)</category>
      <category domain="http://www.nytimes.com/namespaces/keywords/nyt_geo">Lenox (Mass)</category>
      <category domain="http://www.nytimes.com/namespaces/keywords/nyt_per">Krens, Thomas</category>
      <category domain="http://www.nytimes.com/namespaces/keywords/nyt_geo">Stockbridge (Mass)</category>
    </item>
    <item>
      <title>love is ...: The Museum of &#x2018;Please Find Me&#x2019;</title>
      <link>https://www.nytimes.com/2018/04/12/style/kennedy-airport-lost-and-found.html?partner=rss&amp;emc=rss</link>
      <guid isPermaLink="true">https://www.nytimes.com/2018/04/12/style/kennedy-airport-lost-and-found.html</guid>
      <atom:link href="https://www.nytimes.com/2018/04/12/style/kennedy-airport-lost-and-found.html?partner=rss&amp;emc=rss" rel="standout"/>
      <media:content url="https://static01.nyt.com/images/2018/04/11/fashion/11LOVEIS-LOSTFOUND/11LOVEIS-LOSTFOUND-moth.jpg" medium="image" height="151" width="151"/>
      <media:description/>
      <media:credit>Aist&#x117; Stancikait&#x117;</media:credit>
      <description>The Lost &amp; Found at Kennedy Airport is the last, best hope for travelers missing their iPads, meaningful snapshots and many, many wedding rings.</description>
      <dc:creator>MAUD CASEY</dc:creator>
      <pubDate>Thu, 12 Apr 2018 21:54:15 GMT</pubDate>
      <category domain="http://www.nytimes.com/namespaces/keywords/nyt_keyword">Love Is</category>
      <category domain="http://www.nytimes.com/namespaces/keywords/mdes">Lost and Found Property</category>
      <category domain="http://www.nytimes.com/namespaces/keywords/nyt_org_all">Kennedy International Airport (Queens, NY)</category>
    </item>
    <item>
      <title>Australia Fare: In Brisbane, Gauge Stands Apart From the Imitators</title>
      <link>https://www.nytimes.com/2018/04/12/dining/gauge-review-brisbane.html?partner=rss&amp;emc=rss</link>
      <guid isPermaLink="true">https://www.nytimes.com/2018/04/12/dining/gauge-review-brisbane.html</guid>
      <atom:link href="https://www.nytimes.com/2018/04/12/dining/gauge-review-brisbane.html?partner=rss&amp;emc=rss" rel="standout"/>
      <media:content url="https://static01.nyt.com/images/2018/04/12/dining/12FARE-slide-C3QT/12FARE-slide-C3QT-moth.jpg" medium="image" height="151" width="151"/>
      <media:description>Raw squid is dressed in a lightly smoked oil and served over fennel pur&#xE9;e then dusted with horseradish for a dish that registers as a meditation on different kinds of cool crisp flavors and textures.</media:description>
      <media:credit>Dean Swindell for The New York Times</media:credit>
      <description>In a post-Ben Shewry dining scene, this modern Australian restaurant is putting customers before ego.</description>
      <dc:creator>BESHA RODELL</dc:creator>
      <pubDate>Fri, 13 Apr 2018 05:31:09 GMT</pubDate>
      <category domain="http://www.nytimes.com/namespaces/keywords/des">Restaurants</category>
      <category domain="http://www.nytimes.com/namespaces/keywords/nyt_org_all">Gauge (Brisbane, Australia, Restaurant)</category>
      <category domain="http://www.nytimes.com/namespaces/keywords/nyt_geo">Brisbane (Australia)</category>
    </item>
    <item>
      <title>The Pour: On His Own, the Burgundy Iconoclast Laurent Ponsot Looks to Big Projects</title>
      <link>https://www.nytimes.com/2018/04/12/dining/drinks/laurent-ponsot-burgundy-wine-domaine-ponsot.html?partner=rss&amp;emc=rss</link>
      <guid isPermaLink="true">https://www.nytimes.com/2018/04/12/dining/drinks/laurent-ponsot-burgundy-wine-domaine-ponsot.html</guid>
      <atom:link rel="standout" href="https://www.nytimes.com/2018/04/12/dining/drinks/laurent-ponsot-burgundy-wine-domaine-ponsot.html?partner=rss&amp;emc=rss"/>
      <media:content url="https://static01.nyt.com/images/2018/04/18/dining/18pour1/18pour1-moth.jpg" medium="image" height="151" width="151"/>
      <media:description>Laurent Ponsot, at the Griotte-Chambertin Grand Cru vineyard, wants to produce wines that people will enjoy for their beauty and not their price.</media:description>
      <media:credit>Dmitry Kostyukov for The New York Times</media:credit>
      <description>Having left the family estate, Mr. Ponsot hopes to build a futuristic, interactive center dedicated to Burgundy, as well as make a little wine.</description>
      <dc:creator>ERIC ASIMOV</dc:creator>
      <pubDate>Thu, 12 Apr 2018 15:53:11 GMT</pubDate>
      <category domain="http://www.nytimes.com/namespaces/keywords/des">Wines</category>
      <category domain="http://www.nytimes.com/namespaces/keywords/nyt_geo">Burgundy (France)</category>
      <category domain="http://www.nytimes.com/namespaces/keywords/nyt_per">Ponsot, Laurent</category>
      <category domain="http://www.nytimes.com/namespaces/keywords/nyt_org_all">Domaine Ponsot</category>
    </item>
    <item>
      <title>Lots of Fish on the Screen</title>
      <link>https://www.nytimes.com/2018/04/12/style/instagram-fishing.html?partner=rss&amp;emc=rss</link>
      <guid isPermaLink="true">https://www.nytimes.com/2018/04/12/style/instagram-fishing.html</guid>
      <atom:link href="https://www.nytimes.com/2018/04/12/style/instagram-fishing.html?partner=rss&amp;emc=rss" rel="standout"/>
      <media:content url="https://static01.nyt.com/images/2018/04/08/arts/08XP-FISH-01/08XP-FISH-01-moth.jpg" medium="image" height="151" width="151"/>
      <media:description>Audra Van Duinen was fly fishing on the Provo River in Heber City, Utah, when her husband snapped this photo with a brown trout. &#x201C;The moment after I picked up a fly rod, I haven&#x2019;t looked back,&#x201D; she said.</media:description>
      <media:credit>Ted Van Duinen</media:credit>
      <description>Instagram has become the new place for anglers to document every whopper, swap stories about secret fishing holes and, well, brag.</description>
      <dc:creator>LAURA M. HOLSON</dc:creator>
      <pubDate>Thu, 12 Apr 2018 12:05:37 GMT</pubDate>
      <category domain="http://www.nytimes.com/namespaces/keywords/des">Fishing, Sport</category>
      <category domain="http://www.nytimes.com/namespaces/keywords/des">Social Media</category>
      <category domain="http://www.nytimes.com/namespaces/keywords/mdes">Travel and Vacations</category>
      <category domain="http://www.nytimes.com/namespaces/keywords/nyt_org_all">Instagram Inc</category>
    </item>
    <item>
      <title>36 Hours: What to Pack for a Trip to Victoria, British Columbia</title>
      <link>https://www.nytimes.com/2018/04/12/travel/what-to-pack-for-a-trip-to-victoria-british-columbia.html?partner=rss&amp;emc=rss</link>
      <guid isPermaLink="true">https://www.nytimes.com/2018/04/12/travel/what-to-pack-for-a-trip-to-victoria-british-columbia.html</guid>
      <atom:link rel="standout" href="https://www.nytimes.com/2018/04/12/travel/what-to-pack-for-a-trip-to-victoria-british-columbia.html?partner=rss&amp;emc=rss"/>
      <media:content url="https://static01.nyt.com/images/2018/04/22/travel/22Hours-Victoria1/merlin_136446783_df2bc13c-4d38-4894-a10c-5b0e665cba4f-moth.jpg" medium="image" height="151" width="151"/>
      <media:description>The Bastion Square pedestrian area is filled with shops, restaurants and cafes.</media:description>
      <media:credit>Ema Peter for The New York Times</media:credit>
      <description>Victoria, British Columbia is known for natural beauty, but there&#x2019;s more to see and explore. Before you go, follow our guide to plan your visit, and pack these essentials for your trip.</description>
      <dc:creator>ALAN HENRY</dc:creator>
      <pubDate>Thu, 12 Apr 2018 13:14:58 GMT</pubDate>
      <category domain="http://www.nytimes.com/namespaces/keywords/mdes">Travel and Vacations</category>
      <category domain="http://www.nytimes.com/namespaces/keywords/nyt_geo">Victoria (British Columbia)</category>
      <category domain="http://www.nytimes.com/namespaces/keywords/nyt_geo">Canada</category>
    </item>
    <item>
      <title>International Real Estate: House Hunting in &#x2026; Belize</title>
      <link>https://www.nytimes.com/2018/04/11/realestate/house-hunting-in-belize.html?partner=rss&amp;emc=rss</link>
      <guid isPermaLink="true">https://www.nytimes.com/2018/04/11/realestate/house-hunting-in-belize.html</guid>
      <atom:link href="https://www.nytimes.com/2018/04/11/realestate/house-hunting-in-belize.html?partner=rss&amp;emc=rss" rel="standout"/>
      <description>Sales in the inland district of Cayo have increased in recent years, especially for riverfront properties.</description>
      <dc:creator>KEVIN BRASS</dc:creator>
      <pubDate>Wed, 11 Apr 2018 13:30:25 GMT</pubDate>
      <category domain="http://www.nytimes.com/namespaces/keywords/des">Real Estate and Housing (Residential)</category>
      <category domain="http://www.nytimes.com/namespaces/keywords/nyt_geo">Belize</category>
    </item>
    <item>
      <title>Australia Diary: For the Birds</title>
      <link>https://www.nytimes.com/2018/04/11/world/australia/for-the-birds.html?partner=rss&amp;emc=rss</link>
      <guid isPermaLink="true">https://www.nytimes.com/2018/04/11/world/australia/for-the-birds.html</guid>
      <atom:link href="https://www.nytimes.com/2018/04/11/world/australia/for-the-birds.html?partner=rss&amp;emc=rss" rel="standout"/>
      <media:content url="https://static01.nyt.com/images/2018/04/11/world/australia/11AustraliaDiary_Birds/11AustraliaDiary_Birds-moth.jpg" medium="image" height="151" width="151"/>
      <media:description>Kookaburras (and their amazing laugh) are native to Australia.</media:description>
      <media:credit>Mark Baker/Reuters</media:credit>
      <description>A Sydneysider rediscovers her wild home through the eyes and ears of a New Yorker.</description>
      <dc:creator>DIANA OLIVA CAVE</dc:creator>
      <pubDate>Wed, 11 Apr 2018 10:21:05 GMT</pubDate>
      <category domain="http://www.nytimes.com/namespaces/keywords/des">Birds</category>
      <category domain="http://www.nytimes.com/namespaces/keywords/nyt_geo">Sydney (Australia)</category>
      <category domain="http://www.nytimes.com/namespaces/keywords/nyt_geo">Bronx (NYC)</category>
      <category domain="http://www.nytimes.com/namespaces/keywords/nyt_geo">Australia</category>
      <category domain="http://www.nytimes.com/namespaces/keywords/des">Travel and Vacations</category>
    </item>
    <item>
      <title>A Grand Tiki Bar for a Less-Than-Tropical Island, Manhattan</title>
      <link>https://www.nytimes.com/2018/04/10/dining/drinks/tiki-bar-polynesian.html?partner=rss&amp;emc=rss</link>
      <guid isPermaLink="true">https://www.nytimes.com/2018/04/10/dining/drinks/tiki-bar-polynesian.html</guid>
      <atom:link href="https://www.nytimes.com/2018/04/10/dining/drinks/tiki-bar-polynesian.html?partner=rss&amp;emc=rss" rel="standout"/>
      <media:content url="https://static01.nyt.com/images/2018/04/11/dining/11TIKI1/11TIKI1-moth.jpg" medium="image" height="151" width="151"/>
      <media:description>The bartender and partner Brian Miller, one of the leading lights in the current tiki renaissance, is the mastermind behind the Polynesian, an ambitious tiki bar the scale of which New York hasn&#x2019;t seen in generations.</media:description>
      <media:credit>An Rong Xu for The New York Times</media:credit>
      <description>Major Food Group is about to open the Polynesian, with a bartender steeped in the Technicolor aesthetic.</description>
      <dc:creator>ROBERT SIMONSON</dc:creator>
      <pubDate>Tue, 10 Apr 2018 16:06:22 GMT</pubDate>
      <category domain="http://www.nytimes.com/namespaces/keywords/nyt_org_all">Polynesian, The (Manhattan, NY, Bar)</category>
      <category domain="http://www.nytimes.com/namespaces/keywords/des">Bars and Nightclubs</category>
      <category domain="http://www.nytimes.com/namespaces/keywords/des">Cocktails and Mixed Drinks</category>
      <category domain="http://www.nytimes.com/namespaces/keywords/nyt_org_all">Major Food Group</category>
      <category domain="http://www.nytimes.com/namespaces/keywords/nyt_geo">Midtown Area (Manhattan, NY)</category>
    </item>
    <item>
      <title>Yacht Race Helps St. Barts Heal From Irma</title>
      <link>https://www.nytimes.com/2018/04/07/sports/sailing/les-voiles-regatta-st-barts.html?partner=rss&amp;emc=rss</link>
      <guid isPermaLink="true">https://www.nytimes.com/2018/04/07/sports/sailing/les-voiles-regatta-st-barts.html</guid>
      <media:content url="https://static01.nyt.com/images/2018/04/09/sports/09voiles-inyt1/09voiles-inyt1-moth.jpg" medium="image" height="151" width="151"/>
      <media:description>Many of the larger seafront hotels on St. Barts were hit hard by Hurricane Irma&#x2019;s storm surge and high winds and have yet to reopen, although villa rental agencies and some smaller hotels are operating.</media:description>
      <media:credit>Jean Vallette for The New York Times</media:credit>
      <description>In many sections of the island, you need to look carefully for storm damage, but the closer you get to some of the main beaches, it sadly gets easier.</description>
      <dc:creator>CHRISTOPHER CLAREY</dc:creator>
      <pubDate>Sun, 08 Apr 2018 15:56:06 GMT</pubDate>
      <category domain="http://www.nytimes.com/namespaces/keywords/des">Sailboats and Sailing</category>
      <category domain="http://www.nytimes.com/namespaces/keywords/des">Hurricane Irma (2017)</category>
      <category domain="http://www.nytimes.com/namespaces/keywords/nyt_geo">St Barthelemy (French West Indies)</category>
    </item>
    <item>
      <title>Jimmy Buffett&#x2019;s Support Helps St. Barts Move Forward</title>
      <link>https://www.nytimes.com/2018/04/07/travel/jimmy-buffett-st-barts-sailing.html?partner=rss&amp;emc=rss</link>
      <guid isPermaLink="true">https://www.nytimes.com/2018/04/07/travel/jimmy-buffett-st-barts-sailing.html</guid>
      <media:content url="https://static01.nyt.com/images/2018/04/09/sports/09buffett-inyt1/09buffett-inyt1-moth.jpg" medium="image" height="151" width="151"/>
      <media:description>Jimmy Buffett at the opening night of &#x201C;Escape to Margaritaville&#x201D; at the Marquis Theatre in New York City on March 15.</media:description>
      <media:credit>Brent N. Clarke/Invision, via Associated Press</media:credit>
      <description>He rented a house on the island for years, and in the wake of Hurricane Irma he helped get supplies there and gave a benefit concert in Gustavia.</description>
      <dc:creator>CHRISTOPHER CLAREY</dc:creator>
      <pubDate>Thu, 12 Apr 2018 19:10:09 GMT</pubDate>
      <category domain="http://www.nytimes.com/namespaces/keywords/nyt_per">Buffett, Jimmy</category>
      <category domain="http://www.nytimes.com/namespaces/keywords/nyt_geo">St Barthelemy (French West Indies)</category>
      <category domain="http://www.nytimes.com/namespaces/keywords/des">Sailboats and Sailing</category>
      <category domain="http://www.nytimes.com/namespaces/keywords/des">Hurricanes and Tropical Storms</category>
    </item>
    <item>
      <title>Check In: At a Denver Hotel, Art, Yoga Mats and Loaner Bikes</title>
      <link>https://www.nytimes.com/2018/04/07/travel/kimpton-hotel-born-denver-review.html?partner=rss&amp;emc=rss</link>
      <guid isPermaLink="true">https://www.nytimes.com/2018/04/07/travel/kimpton-hotel-born-denver-review.html</guid>
      <atom:link href="https://www.nytimes.com/2018/04/07/travel/kimpton-hotel-born-denver-review.html?partner=rss&amp;emc=rss" rel="standout"/>
      <media:content url="https://static01.nyt.com/images/2018/04/08/travel/08checkin-denver-1/08checkin-denver-1-moth.jpg" medium="image" height="151" width="151"/>
      <media:description>The Kimpton Hotel Born in Denver.</media:description>
      <media:credit>Cris Molina</media:credit>
      <description>The Kimpton Hotel Born has an unbeatable location near Union Station. People can enjoy a complimentary wine hour, and dogs get a warm welcome (and a bed).</description>
      <dc:creator>KATHRYN O&#x2019;SHEA-EVANS</dc:creator>
      <pubDate>Sat, 07 Apr 2018 09:00:08 GMT</pubDate>
      <category domain="http://www.nytimes.com/namespaces/keywords/des">Travel and Vacations</category>
      <category domain="http://www.nytimes.com/namespaces/keywords/des">Hotels and Travel Lodgings</category>
      <category domain="http://www.nytimes.com/namespaces/keywords/nyt_geo">Denver (Colo)</category>
      <category domain="http://www.nytimes.com/namespaces/keywords/nyt_org_all">Kimpton Hotel Born (Denver, Colo, Hotel)</category>
    </item>
    <item>
      <title>Bites: In Verona, Pizza That Is All About the Crust</title>
      <link>https://www.nytimes.com/2018/04/07/travel/sapore-downtown-restaurant-review-verona-italy.html?partner=rss&amp;emc=rss</link>
      <guid isPermaLink="true">https://www.nytimes.com/2018/04/07/travel/sapore-downtown-restaurant-review-verona-italy.html</guid>
      <atom:link href="https://www.nytimes.com/2018/04/07/travel/sapore-downtown-restaurant-review-verona-italy.html?partner=rss&amp;emc=rss" rel="standout"/>
      <media:content url="https://static01.nyt.com/images/2018/04/08/travel/08bites1/08bites1-moth.jpg" medium="image" height="151" width="151"/>
      <media:description>La Pancetta pizza at Sapor&#xE8; DownTown in Verona, Italy.</media:description>
      <media:credit>Seth Kugel for The New York Times</media:credit>
      <description>Sapor&#xE8; DownTown is an intriguingly experimental contemporary pizzeria that is easy to miss &#x2014; but make sure you don&#x2019;t.</description>
      <dc:creator>SETH KUGEL</dc:creator>
      <pubDate>Wed, 11 Apr 2018 15:44:44 GMT</pubDate>
      <category domain="http://www.nytimes.com/namespaces/keywords/des">Pizza</category>
      <category domain="http://www.nytimes.com/namespaces/keywords/des">Restaurants</category>
      <category domain="http://www.nytimes.com/namespaces/keywords/nyt_geo">Verona (Italy)</category>
      <category domain="http://www.nytimes.com/namespaces/keywords/des">Travel and Vacations</category>
    </item>
  </channel>
</rss>
